Workbook

Sheet Overview
A1: Classification new_way v2 — 3-Fold Retraining Results
A2: Source: classification/new_way/Output/version2/logs/*_kfold_summary.json
A5: Contents:
A6: • 'Overall Summary' — one row per model, aggregated across its 3 folds (mean ± std, computed with live AVERAGE/STDEV formulas referencing the 'Per-Fold Detail' sheet).
A7: • 'Per-Fold Detail' — every individual fold's validation and held-out test metrics for all 6 models (18 rows).
A9: Methodology notes:
A10: • Each model was retrained 3 times (kfold3) using FIXED hyperparameters (a single learning_rate / weight_decay / dropout_rate per model, taken from a prior Optuna search per model — not re-tuned per fold).
A11: • 'Test' metrics = performance on each fold's held-out test split; 'India' / 'Italy' columns are the same test split broken down by patient country of origin.
A12: • All models use the 'palpebral' conjunctiva crop as input EXCEPT EfficientNet-B3, which uses the 'forniceal_palpebral' crop — this is a genuine difference in input data, not just a naming variant, so EfficientNet-B3 is not a strictly apples-to-apples comparison against the other five.
A13: • Best_Val_F1 is the validation-set F1 that selected the checkpoint used for testing (early stopping, patience=15, on ReduceLROnPlateau schedule, max 250 epochs).
A14: • Std values use sample standard deviation (n-1 denominator, Excel STDEV), matching the numpy std(ddof=1) used to produce the original JSON logs.
A16: Headline read: MaxViT-T has the highest mean test F1 (0.827) and test accuracy (0.848) of the six; EfficientNet-B3 (on the different forniceal_palpebral crop) is the weakest (0.650 / 0.687). All models score noticeably lower on India-only AUC than Italy-only AUC — consistent with the project's documented India/Italy class-balance confound (CLAUDE.md §0.5).

Sheet Per-Fold Detail
A1: Model | B1: Architecture | C1: Tissue Crop | D1: Fold | E1: N Train | F1: N Val | G1: Epochs Run | H1: Best Val F1 | I1: Test F1 | J1: Test Accuracy | K1: Test AUC | L1: India F1 | M1: India Accuracy | N1: India AUC | O1: Italy F1 | P1: Italy Accuracy | Q1: Italy AUC
A2: CoAtNet-3 | B2: coatnet_3 | C2: palpebral | D2: 1 | E2: 186 | F2: 62 | G2: 23 | H2: 0.72727273 | I2: 0.70967742 | J2: 0.72727273 | K2: 0.83834586 | L2: 0.72727273 | M2: 0.6 | N2: 0.52272727 | O2: 0.66666667 | P2: 0.83333333 | Q2: 0.97777778
A3: CoAtNet-3 | B3: coatnet_3 | C3: palpebral | D3: 2 | E3: 190 | F3: 61 | G3: 46 | H3: 0.86206897 | I3: 0.76470588 | J3: 0.75757576 | K3: 0.84210526 | L3: 0.8 | M3: 0.66666667 | N3: 0.43181818 | O3: 0.66666667 | P3: 0.83333333 | Q3: 0.93333333
A4: CoAtNet-3 | B4: coatnet_3 | C4: palpebral | D4: 3 | E4: 188 | F4: 61 | G4: 47 | H4: 0.75 | I4: 0.77419355 | J4: 0.78787879 | K4: 0.89473684 | L4: 0.75 | M4: 0.6 | N4: 0.56818182 | O4: 0.85714286 | P4: 0.94444444 | Q4: 1
A5: ConvNeXt-Base | B5: convnext_base | C5: palpebral | D5: 1 | E5: 186 | F5: 62 | G5: 240 | H5: 0.73913043 | I5: 0.76923077 | J5: 0.81818182 | K5: 0.90601504 | L5: 0.77777778 | M5: 0.73333333 | N5: 0.79545455 | O5: 0.75 | P5: 0.88888889 | Q5: 1
A6: ConvNeXt-Base | B6: convnext_base | C6: palpebral | D6: 2 | E6: 190 | F6: 61 | G6: 250 | H6: 0.76595745 | I6: 0.74074074 | J6: 0.78787879 | K6: 0.92105263 | L6: 0.77777778 | M6: 0.73333333 | N6: 0.84090909 | O6: 0.66666667 | P6: 0.83333333 | Q6: 1
A7: ConvNeXt-Base | B7: convnext_base | C7: palpebral | D7: 3 | E7: 188 | F7: 61 | G7: 130 | H7: 0.69387755 | I7: 0.81481481 | J7: 0.84848485 | K7: 0.91729323 | L7: 0.84210526 | M7: 0.8 | N7: 0.79545455 | O7: 0.75 | P7: 0.88888889 | Q7: 1
A8: ConvNeXt-Large | B8: convnext_large | C8: palpebral | D8: 1 | E8: 186 | F8: 62 | G8: 196 | H8: 0.76595745 | I8: 0.78571429 | J8: 0.81818182 | K8: 0.83834586 | L8: 0.84210526 | M8: 0.8 | N8: 0.84090909 | O8: 0.66666667 | P8: 0.83333333 | Q8: 1
A9: ConvNeXt-Large | B9: convnext_large | C9: palpebral | D9: 2 | E9: 190 | F9: 61 | G9: 250 | H9: 0.75555556 | I9: 0.76923077 | J9: 0.81818182 | K9: 0.90225564 | L9: 0.77777778 | M9: 0.73333333 | N9: 0.84090909 | O9: 0.75 | P9: 0.88888889 | Q9: 1
A10: ConvNeXt-Large | B10: convnext_large | C10: palpebral | D10: 3 | E10: 188 | F10: 61 | G10: 163 | H10: 0.63636364 | I10: 0.73333333 | J10: 0.75757576 | K10: 0.93233083 | L10: 0.76190476 | M10: 0.66666667 | N10: 0.81818182 | O10: 0.66666667 | P10: 0.83333333 | Q10: 1
A11: EfficientNet-B3 | B11: efficientnet_b3 | C11: forniceal_palpebral | D11: 1 | E11: 180 | F11: 60 | G11: 24 | H11: 0.74074074 | I11: 0.6875 | J11: 0.6969697 | K11: 0.78571429 | L11: 0.76190476 | M11: 0.66666667 | N11: 0.70454545 | O11: 0.54545455 | P11: 0.72222222 | Q11: 0.95555556
A12: EfficientNet-B3 | B12: efficientnet_b3 | C12: forniceal_palpebral | D12: 2 | E12: 183 | F12: 59 | G12: 28 | H12: 0.77777778 | I12: 0.62068966 | J12: 0.66666667 | K12: 0.71428571 | L12: 0.63157895 | M12: 0.53333333 | N12: 0.52272727 | O12: 0.6 | P12: 0.77777778 | Q12: 0.91111111
A13: EfficientNet-B3 | B13: efficientnet_b3 | C13: forniceal_palpebral | D13: 3 | E13: 181 | F13: 59 | G13: 21 | H13: 0.65384615 | I13: 0.64285714 | J13: 0.6969697 | K13: 0.7443609 | L13: 0.63157895 | M13: 0.53333333 | N13: 0.63636364 | O13: 0.66666667 | P13: 0.83333333 | Q13: 0.91111111
... A19: RegNet-Y-16GF | B19: regnet_y_16gf | C19: palpebral | D19: 3 | E19: 188 | F19: 61 | G19: 26 | H19: 0.78125 | I19: 0.8125 | J19: 0.81818182 | K19: 0.90977444 | L19: 0.83333333 | M19: 0.73333333 | N19: 0.75 | O19: 0.75 | P19: 0.88888889 | Q19: 0.97777778

Sheet Overall Summary
A1: Model | B1: Architecture | C1: Tissue Crop | D1: Learning Rate | E1: Weight Decay | F1: Dropout | G1: Folds (n) | H1: Test F1 | J1: Test Accuracy | L1: Test AUC | N1: India F1 | P1: India Accuracy | R1: India AUC | T1: Italy F1 | V1: Italy Accuracy | X1: Italy AUC
H2: Mean | I2: Std | J2: Mean | K2: Std | L2: Mean | M2: Std | N2: Mean | O2: Std | P2: Mean | Q2: Std | R2: Mean | S2: Std | T2: Mean | U2: Std | V2: Mean | W2: Std | X2: Mean | Y2: Std
A3: CoAtNet-3 | B3: coatnet_3 | C3: palpebral | D3: 0.0011249436 | E3: 0.00011856737 | F3: 0.2 | G3: =COUNTA('Per-Fold Detail'!D2:D4) | H3: =AVERAGE('Per-Fold Detail'!I2:I4) | I3: =STDEV('Per-Fold Detail'!I2:I4) | J3: =AVERAGE('Per-Fold Detail'!J2:J4) | K3: =STDEV('Per-Fold Detail'!J2:J4) | L3: =AVERAGE('Per-Fold Detail'!K2:K4) | M3: =STDEV('Per-Fold Detail'!K2:K4) | N3: =AVERAGE('Per-Fold Detail'!L2:L4) | O3: =STDEV('Per-Fold Detail'!L2:L4) | P3: =AVERAGE('Per-Fold Detail'!M2:M4) | Q3: =STDEV('Per-Fold Detail'!M2:M4) | R3: =AVERAGE('Per-Fold Detail'!N2:N4) | S3: =STDEV('Per-Fold Detail'!N2:N4) | T3: =AVERAGE('Per-Fold Detail'!O2:O4) | U3: =STDEV('Per-Fold Detail'!O2:O4) | V3: =AVERAGE('Per-Fold Detail'!P2:P4) | W3: =STDEV('Per-Fold Detail'!P2:P4) | X3: =AVERAGE('Per-Fold Detail'!Q2:Q4) | Y3: =STDEV('Per-Fold Detail'!Q2:Q4)
A4: ConvNeXt-Base | B4: convnext_base | C4: palpebral | D4: 0.00012353082 | E4: 1.0422971e-06 | F4: 0.5 | G4: =COUNTA('Per-Fold Detail'!D5:D7) | H4: =AVERAGE('Per-Fold Detail'!I5:I7) | I4: =STDEV('Per-Fold Detail'!I5:I7) | J4: =AVERAGE('Per-Fold Detail'!J5:J7) | K4: =STDEV('Per-Fold Detail'!J5:J7) | L4: =AVERAGE('Per-Fold Detail'!K5:K7) | M4: =STDEV('Per-Fold Detail'!K5:K7) | N4: =AVERAGE('Per-Fold Detail'!L5:L7) | O4: =STDEV('Per-Fold Detail'!L5:L7) | P4: =AVERAGE('Per-Fold Detail'!M5:M7) | Q4: =STDEV('Per-Fold Detail'!M5:M7) | R4: =AVERAGE('Per-Fold Detail'!N5:N7) | S4: =STDEV('Per-Fold Detail'!N5:N7) | T4: =AVERAGE('Per-Fold Detail'!O5:O7) | U4: =STDEV('Per-Fold Detail'!O5:O7) | V4: =AVERAGE('Per-Fold Detail'!P5:P7) | W4: =STDEV('Per-Fold Detail'!P5:P7) | X4: =AVERAGE('Per-Fold Detail'!Q5:Q7) | Y4: =STDEV('Per-Fold Detail'!Q5:Q7)
A5: ConvNeXt-Large | B5: convnext_large | C5: palpebral | D5: 0.00011137415 | E5: 2.2059282e-05 | F5: 0.2 | G5: =COUNTA('Per-Fold Detail'!D8:D10) | H5: =AVERAGE('Per-Fold Detail'!I8:I10) | I5: =STDEV('Per-Fold Detail'!I8:I10) | J5: =AVERAGE('Per-Fold Detail'!J8:J10) | K5: =STDEV('Per-Fold Detail'!J8:J10) | L5: =AVERAGE('Per-Fold Detail'!K8:K10) | M5: =STDEV('Per-Fold Detail'!K8:K10) | N5: =AVERAGE('Per-Fold Detail'!L8:L10) | O5: =STDEV('Per-Fold Detail'!L8:L10) | P5: =AVERAGE('Per-Fold Detail'!M8:M10) | Q5: =STDEV('Per-Fold Detail'!M8:M10) | R5: =AVERAGE('Per-Fold Detail'!N8:N10) | S5: =STDEV('Per-Fold Detail'!N8:N10) | T5: =AVERAGE('Per-Fold Detail'!O8:O10) | U5: =STDEV('Per-Fold Detail'!O8:O10) | V5: =AVERAGE('Per-Fold Detail'!P8:P10) | W5: =STDEV('Per-Fold Detail'!P8:P10) | X5: =AVERAGE('Per-Fold Detail'!Q8:Q10) | Y5: =STDEV('Per-Fold Detail'!Q8:Q10)
A6: EfficientNet-B3 | B6: efficientnet_b3 | C6: forniceal_palpebral | D6: 0.0063583589 | E6: 0.00013311216 | F6: 0.5 | G6: =COUNTA('Per-Fold Detail'!D11:D13) | H6: =AVERAGE('Per-Fold Detail'!I11:I13) | I6: =STDEV('Per-Fold Detail'!I11:I13) | J6: =AVERAGE('Per-Fold Detail'!J11:J13) | K6: =STDEV('Per-Fold Detail'!J11:J13) | L6: =AVERAGE('Per-Fold Detail'!K11:K13) | M6: =STDEV('Per-Fold Detail'!K11:K13) | N6: =AVERAGE('Per-Fold Detail'!L11:L13) | O6: =STDEV('Per-Fold Detail'!L11:L13) | P6: =AVERAGE('Per-Fold Detail'!M11:M13) | Q6: =STDEV('Per-Fold Detail'!M11:M13) | R6: =AVERAGE('Per-Fold Detail'!N11:N13) | S6: =STDEV('Per-Fold Detail'!N11:N13) | T6: =AVERAGE('Per-Fold Detail'!O11:O13) | U6: =STDEV('Per-Fold Detail'!O11:O13) | V6: =AVERAGE('Per-Fold Detail'!P11:P13) | W6: =STDEV('Per-Fold Detail'!P11:P13) | X6: =AVERAGE('Per-Fold Detail'!Q11:Q13) | Y6: =STDEV('Per-Fold Detail'!Q11:Q13)
A7: MaxViT-T | B7: maxvit_t | C7: palpebral | D7: 0.00081794995 | E7: 3.7520559e-05 | F7: 0.2 | G7: =COUNTA('Per-Fold Detail'!D14:D16) | H7: =AVERAGE('Per-Fold Detail'!I14:I16) | I7: =STDEV('Per-Fold Detail'!I14:I16) | J7: =AVERAGE('Per-Fold Detail'!J14:J16) | K7: =STDEV('Per-Fold Detail'!J14:J16) | L7: =AVERAGE('Per-Fold Detail'!K14:K16) | M7: =STDEV('Per-Fold Detail'!K14:K16) | N7: =AVERAGE('Per-Fold Detail'!L14:L16) | O7: =STDEV('Per-Fold Detail'!L14:L16) | P7: =AVERAGE('Per-Fold Detail'!M14:M16) | Q7: =STDEV('Per-Fold Detail'!M14:M16) | R7: =AVERAGE('Per-Fold Detail'!N14:N16) | S7: =STDEV('Per-Fold Detail'!N14:N16) | T7: =AVERAGE('Per-Fold Detail'!O14:O16) | U7: =STDEV('Per-Fold Detail'!O14:O16) | V7: =AVERAGE('Per-Fold Detail'!P14:P16) | W7: =STDEV('Per-Fold Detail'!P14:P16) | X7: =AVERAGE('Per-Fold Detail'!Q14:Q16) | Y7: =STDEV('Per-Fold Detail'!Q14:Q16)
A8: RegNet-Y-16GF | B8: regnet_y_16gf | C8: palpebral | D8: 0.0064649006 | E8: 1.2174044e-06 | F8: 0.2 | G8: =COUNTA('Per-Fold Detail'!D17:D19) | H8: =AVERAGE('Per-Fold Detail'!I17:I19) | I8: =STDEV('Per-Fold Detail'!I17:I19) | J8: =AVERAGE('Per-Fold Detail'!J17:J19) | K8: =STDEV('Per-Fold Detail'!J17:J19) | L8: =AVERAGE('Per-Fold Detail'!K17:K19) | M8: =STDEV('Per-Fold Detail'!K17:K19) | N8: =AVERAGE('Per-Fold Detail'!L17:L19) | O8: =STDEV('Per-Fold Detail'!L17:L19) | P8: =AVERAGE('Per-Fold Detail'!M17:M19) | Q8: =STDEV('Per-Fold Detail'!M17:M19) | R8: =AVERAGE('Per-Fold Detail'!N17:N19) | S8: =STDEV('Per-Fold Detail'!N17:N19) | T8: =AVERAGE('Per-Fold Detail'!O17:O19) | U8: =STDEV('Per-Fold Detail'!O17:O19) | V8: =AVERAGE('Per-Fold Detail'!P17:P19) | W8: =STDEV('Per-Fold Detail'!P17:P19) | X8: =AVERAGE('Per-Fold Detail'!Q17:Q19) | Y8: =STDEV('Per-Fold Detail'!Q17:Q19)
A10: Mean/Std computed live via AVERAGE()/STDEV() formulas over each model's 3 fold-level rows on 'Per-Fold Detail'. Std = sample std (n-1).
